claim_id,score
WC711348,0.004830896401925769
WC711349,0.008468089822452911
WC711350,0.006712201856052147
WC711351,0.007480795882527806
WC711352,0.025244636238823764
WC711353,0.006139567651502718
WC711354,0.027724256487357452
WC711355,0.009624437209511958
WC711356,0.027722176683069463
WC711357,0.0051681836830754025
WC711358,0.017997010444691187
WC711359,0.011920089052132592
WC711360,0.004749480026119897
WC711361,0.012287281289668812
WC711362,0.016495804466375233
WC711363,0.008184669654986371
WC711364,0.008192800262427498
WC711365,0.0036116681819649563
WC711366,0.014090143630182166
WC711367,0.01525484960516639
WC711368,0.006413835969541311
WC711369,0.0031541640683791054
WC711370,0.004316542942177359
WC711371,0.05098377548461524
WC711372,0.006292838639987135
WC711373,0.01043735428164519
WC711374,0.012690283971907567
WC711375,0.06842219706437916
WC711376,0.025172451499457807
WC711377,0.007720255031357303
WC711378,0.01229398709719793
WC711379,0.011875411678789213
WC711380,0.01070602563087431
WC711381,0.022752830305043773
WC711382,0.012643178119545925
WC711383,0.028937893851618143
WC711384,0.026947720537713337
WC711385,0.016215997491191687
WC711386,0.0039019913219344796
WC711387,0.007551779542434335
WC711388,0.025157427423229833
WC711389,0.11272573868459101
WC711390,0.006050525792847693
WC711391,0.01767597857923045
WC711392,0.003691488358802209
WC711393,0.021983254273964397
WC711394,0.011798646447016078
WC711395,0.004245945508445418
WC711396,0.010031125379680218
WC711397,0.025923915302466547
WC711398,0.004869303054365557
WC711399,0.004518466301001027
WC711400,0.011990337394254924
WC711401,0.014355258681183506
WC711402,0.01138806615576899
WC711403,0.007951037707098067
WC711404,0.009001528747789526
WC711405,0.005964461430205046
WC711406,0.018804964867714546
WC711407,0.11839163092144789
WC711408,0.007570395855475421
WC711409,0.026866495124583913
WC711410,0.03308198160939247
WC711411,0.009057824242118392
WC711412,0.005968949539290247
WC711413,0.0009590686310920142
WC711414,0.023267065422746664
WC711415,0.008650415075115526
WC711416,0.011146334637410698
WC711417,0.011658508416431724
WC711418,0.6745665462510644
WC711419,0.009695955682333966
WC711420,0.026556447017093865
WC711421,0.007601097502147265
WC711422,0.004632137794856817
WC711423,0.004336406596138586
WC711424,0.006878536981887986
WC711425,0.010562027247427911
WC711426,0.010022976399445155
WC711427,0.08675331555176659
WC711428,0.0063621065323811975
WC711429,0.011820828572129924
WC711430,0.008782224371127039
WC711431,0.00505213523347275
WC711432,0.0035059588913961015
WC711433,0.011088089028311664
WC711434,0.012069978485932232
WC711435,0.006749893492847943
WC711436,0.02487749454259481
WC711437,0.010928302496592424
WC711438,0.004513450459324497
WC711439,0.009963576775208743
WC711440,0.008964796703721674
WC711441,0.016260443516354205
WC711442,0.014399570485564433
WC711443,0.021594638148799594
WC711444,0.020018672335651272
WC711445,0.009995574764014907
WC711446,0.014944810537387436
WC711447,0.011045378352975203
WC711448,0.011726645892717722
WC711449,0.01918074754472289
WC711450,0.024348604734150143
WC711451,0.009400095366205478
WC711452,0.0017023827059290439
WC711453,0.0047417363830767395
WC711454,0.010034325962981719
WC711455,0.029543801810075206
WC711456,0.005929098498485205
WC711457,0.009591182578784684
WC711458,0.0039698740710653385
WC711459,0.007580998370351317
WC711460,0.005724865304101783
WC711461,0.006054915924133244
WC711462,0.019795097360805203
WC711463,0.011615812347537901
WC711464,0.005385478815909183
WC711465,0.002745817524716756
WC711466,0.005523460310369504
WC711467,0.5022191889714721
WC711468,0.08040366291599363
WC711469,0.025727182066510836
WC711470,0.016974767240308723
WC711471,0.01605703499806581
WC711472,0.005218478315429501
WC711473,0.006314559955115452
WC711474,0.010604360223737884
WC711475,0.005414782168111999
WC711476,0.011239947813872726
WC711477,0.009408868997864573
WC711478,0.010540875944169751
WC711479,0.020152966201962396
WC711480,0.01029947317216241
WC711481,0.012834256012212627
WC711482,0.006100672646889725
WC711483,0.015646398793857232
WC711484,0.009130004758516278
WC711485,0.006837977534511811
WC711486,0.009517299916712815
WC711487,0.01764812353342942
WC711488,0.0049966937600296165
WC711489,0.007026036338515973
WC711490,0.008487019290888985
WC711491,0.002197527639851856
WC711492,0.008737358322999893
WC711493,0.004353728415626632
WC711494,0.006656040593325599
WC711495,0.005626760047913255
WC711496,0.33312101157569496
WC711497,0.23693377704859886
WC711498,0.0040545973070250105
WC711499,0.010800964598758598
WC711500,0.007959740567608384
WC711501,0.010772013317181622
WC711502,0.019745709768160615
WC711503,0.06865371332369118
WC711504,0.013623959917197564
WC711505,0.0056222244219058205
WC711506,0.015695834892041936
WC711507,0.0057776634438896374
WC711508,0.00897213507499043
WC711509,0.012392404620407733
WC711510,0.006676556035297057
WC711511,0.002618288888826189
WC711512,0.011586462552979212
WC711513,0.020045201385604623
WC711514,0.006130501421892913
WC711515,0.008302582402140306
WC711516,0.013832519536862375
WC711517,0.007373237544520344
WC711518,0.011717815186901888
WC711519,0.022244535044070705
WC711520,0.007515190795751132
WC711521,0.004365429562497231
WC711522,0.02618538239275829
WC711523,0.012877702815978467
WC711524,0.005431958501196692
WC711525,0.004632595496524932
WC711526,0.008953589648806298
WC711527,0.00932805421417419
WC711528,0.014326184876737386
WC711529,0.012107011119546488
WC711530,0.007824262639021444
WC711531,0.01718230592175135
WC711532,0.0149602834632049
WC711533,0.013816010945726577
WC711534,0.012132994234135004
WC711535,0.005135375628323643
WC711536,0.004553863401063055
WC711537,0.004748587445726825
WC711538,0.022724860138585528
WC711539,0.007182073795044528
WC711540,0.013735742051417595
WC711541,0.0088868513746151
WC711542,0.0048749627471207126
WC711543,0.020100214100306966
WC711544,0.010999445598941913
WC711545,0.009807258247727761
WC711546,0.0190111225450014
WC711547,0.003543102604034936
WC711548,0.00813569400193362
WC711549,0.011392327226287323
WC711550,0.0254048826591436
WC711551,0.03924257993383466
WC711552,0.05637612731537854
WC711553,0.005519259688712032
WC711554,0.00574515078989257
WC711555,0.01907581731662819
WC711556,0.008384544872887818
WC711557,0.0032263331004885477
WC711558,0.005779256951993158
WC711559,0.004262550385061258
WC711560,0.032296814712051654
WC711561,0.0041959412688217824
WC711562,0.008032862315517662
WC711563,0.018891297377646048
WC711564,0.004919941627993649
WC711565,0.017025717680691423
WC711566,0.547859992674756
WC711567,0.03270916560507142
WC711568,0.004174683669878404
WC711569,0.005924559036009766
WC711570,0.580796889710838
WC711571,0.5417505912503587
WC711572,0.00908433298083861
WC711573,0.008534081087851832
WC711574,0.01863532519351547
WC711575,0.013415953810745467
WC711576,0.028986115482711947
WC711577,0.00950612369214575
WC711578,0.011795621014930546
WC711579,0.00467011957312365
WC711580,0.011474387778284467
WC711581,0.011080136925288666
WC711582,0.008006515326010669
WC711583,0.5210385954577127
WC711584,0.029391518954667583
WC711585,0.019343935972573282
WC711586,0.023028055005102986
WC711587,0.0065564160459911525
WC711588,0.012481387901003976
WC711589,0.010202751457753442
WC711590,0.00886537360038881
WC711591,0.0027531158215062844
WC711592,0.0072165397048309715
WC711593,0.0045924848143167165
WC711594,0.014464247933731507
WC711595,0.010333205709405182
WC711596,0.015245402853204004
WC711597,0.010180986860954883
WC711598,0.005778753669324708
WC711599,0.030270941039496513
WC711600,0.01220693289280371
WC711601,0.03713043706820663
WC711602,0.004310664293912555
WC711603,0.009418257252435464
WC711604,0.010035307999847837
WC711605,0.015829033390366266
WC711606,0.028658745508672458
WC711607,0.007508118102451831
WC711608,0.12361457834713757
WC711609,0.005572595871129705
WC711610,0.005058680261045042
WC711611,0.00969387824656484
WC711612,0.018496361933849882
WC711613,0.039062167790163325
WC711614,0.010862182898662328
WC711615,0.033426716525399774
WC711616,0.009143230440080195
WC711617,0.009746975671340832
WC711618,0.012522138688123208
WC711619,0.012929369360437587
WC711620,0.004512099629974506
WC711621,0.008860451084412009
WC711622,0.002850335998842696
WC711623,0.007782785668244054
WC711624,0.006651317596113975
WC711625,0.03918995111000114
WC711626,0.019911645447380957
WC711627,0.0056354652570516145
WC711628,0.0171977325849682
WC711629,0.006782244288995659
WC711630,0.007948665886291487
WC711631,0.007556400969172657
WC711632,0.01632120809421088
WC711633,0.016064183425657314
WC711634,0.03626492260018428
WC711635,0.01699834556236878
WC711636,0.011030404394937875
WC711637,0.013453489505091048
WC711638,0.006799221139807506
WC711639,0.006666994738576597
WC711640,0.02386101848445136
WC711641,0.006721402232303041
WC711642,0.01711000205249205
WC711643,0.01599938209599133
WC711644,0.019507691622829375
WC711645,0.0038409263940614147
WC711646,0.01330641678315208
WC711647,0.01748070892460666
WC711648,0.017095460622811646
WC711649,0.024268666137780857
WC711650,0.010442572410537717
WC711651,0.004525737086184841
WC711652,0.007723930044549711
WC711653,0.0277636749579055
WC711654,0.004582877652414218
WC711655,0.003650391459690679
WC711656,0.005175567541343014
WC711657,0.010914639650876743
WC711658,0.6279196603525575
WC711659,0.08174204458832247
WC711660,0.016995052398388524
WC711661,0.0038897345142149043
WC711662,0.005279382289384614
WC711663,0.0028001974682586315
WC711664,0.07788781822238547
WC711665,0.03573655296389858
WC711666,0.00833811052170962
WC711667,0.05329512446315804
WC711668,0.04515509148535483
WC711669,0.020246218227368884
WC711670,0.46457152301144056
WC711671,0.017905750888335018
WC711672,0.02355220676736314
WC711673,0.023338890019080984
WC711674,0.01619858619884461
WC711675,0.014113561536601257
WC711676,0.00761576047600278
WC711677,0.011844518782760907
WC711678,0.003666773065588516
WC711679,0.009810856058214348
WC711680,0.006530968839938575
WC711681,0.01163756033163499
WC711682,0.03952450658737814
WC711683,0.009364810483580786
WC711684,0.008668487247877563
WC711685,0.002972259855813239
WC711686,0.4537534525787877
WC711687,0.04232134449453047
WC711688,0.006431058371577057
WC711689,0.04212927537902192
WC711690,0.004737386020136898
WC711691,0.011151558040079073
WC711692,0.06969365779728985
WC711693,0.0022025570584362623
WC711694,0.0044201457801093524
WC711695,0.0018404552201322808
WC711696,0.02070957814830128
WC711697,0.00612711956969578
WC711698,0.007103150340386893
WC711699,0.00853227960963084
WC711700,0.0020631447876759013
WC711701,0.07967430469436683
WC711702,0.004273396198380253
WC711703,0.46346980069143207
WC711704,0.003756791806234317
WC711705,0.012294267285410252
WC711706,0.016173134841402766
WC711707,0.006718970345681674
WC711708,0.004494680874497952
WC711709,0.0045105666268185195
WC711710,0.014762577440869031
WC711711,0.007493765083668253
WC711712,0.013608895947217316
WC711713,0.023501337223407987
WC711714,0.012059168063080626
WC711715,0.010099634702314132
WC711716,0.0044986267610002476
WC711717,0.01972393015139432
WC711718,0.01402700850824866
WC711719,0.005320206835839681
WC711720,0.010713870330389593
WC711721,0.017984703378827127
WC711722,0.009450734133909821
WC711723,0.005648500675532126
WC711724,0.017751493875119408
WC711725,0.014809969983681464
WC711726,0.025712641219780345
WC711727,0.01381337710016261
WC711728,0.010490163629153873
WC711729,0.012145807980772097
WC711730,0.00996275363997702
WC711731,0.0016292445248965333
WC711732,0.009457151758677533
WC711733,0.008490512328652467
WC711734,0.006203800666897409
WC711735,0.0050213911450564
WC711736,0.008771829012281447
WC711737,0.005638395029264554
WC711738,0.014077949196303887
WC711739,0.00932244415004173
WC711740,0.006446034980152416
WC711741,0.008563194321825377
WC711742,0.008148076164159305
WC711743,0.014107414754762794
WC711744,0.023912137350826125
WC711745,0.014386065822301492
WC711746,0.0035938242345885992
WC711747,0.010172895068921408
WC711748,0.012761020350089084
WC711749,0.005128619154944127
WC711750,0.008791577284376512
WC711751,0.0034925941184429446
WC711752,0.5886856618009785
WC711753,0.00924391273391486
WC711754,0.021149510840718387
WC711755,0.18967115044017616
WC711756,0.010498073054655926
WC711757,0.016832666280441062
WC711758,0.010912927187995147
WC711759,0.010370300469646496
WC711760,0.00913725740758615
WC711761,0.02963150881367481
WC711762,0.0045816997190889705
WC711763,0.012615313823842294
WC711764,0.011379172058712946
WC711765,0.006975740738077551
WC711766,0.008298225807730068
WC711767,0.3310687909042426
WC711768,0.05977133379599603
WC711769,0.0050384162575861325
WC711770,0.009647012393897458
WC711771,0.009484331683463293
WC711772,0.007821557780802539
WC711773,0.01327406074288424
WC711774,0.07524115100812691
WC711775,0.05125078391728334
WC711776,0.008337459805653417
WC711777,0.003447170369476015
WC711778,0.0087790293682097
WC711779,0.006503246848062697
WC711780,0.014384083260709933
WC711781,0.010931949500133539
WC711782,0.08321244908274283
WC711783,0.024064172368609096
WC711784,0.00877667574809339
WC711785,0.01700985305663142
WC711786,0.0051295745052747045
WC711787,0.01602369690354477
WC711788,0.01449096431311652
WC711789,0.00438562413393393
WC711790,0.007222384578954784
WC711791,0.009136453508417493
WC711792,0.0019970523345948102
WC711793,0.007905906835136334
WC711794,0.06714774376707101
WC711795,0.058397812578310636
WC711796,0.01087148068326665
WC711797,0.0051296319341905565
WC711798,0.007733234841420205
WC711799,0.006185648798779069
WC711800,0.036243834724666114
WC711801,0.0059613275740488
WC711802,0.020111217660454678
WC711803,0.01933744612192742
WC711804,0.008313347248233535
WC711805,0.0480659556665239
WC711806,0.048851727213832664
WC711807,0.030092337268653402
WC711808,0.019275908046747454
WC711809,0.011768063325926927
WC711810,0.6836982147470398
WC711811,0.01357324861412639
WC711812,0.007011839283228791
WC711813,0.00507378427154659
WC711814,0.00898652294816965
WC711815,0.0037054560339933266
WC711816,0.006664281917792199
WC711817,0.030538954001184643
WC711818,0.21113070271395826
WC711819,0.011680519831144263
WC711820,0.029241255768993536
WC711821,0.0036005729543589614
WC711822,0.008127196835629113
WC711823,0.027458284506885956
WC711824,0.00564125265666241
WC711825,0.00872210367718357
WC711826,0.01054497274575217
WC711827,0.03479927977623139
WC711828,0.00954416762012955
WC711829,0.005819298933381819
WC711830,0.006699014475521706
WC711831,0.016405319092896792
WC711832,0.023825247628523376
WC711833,0.004649482062143192
WC711834,0.01711724488203482
WC711835,0.018297390361863567
WC711836,0.012427110304104698
WC711837,0.012353171293689716
WC711838,0.0029861836423436374
WC711839,0.0056239473869401585
WC711840,0.004718599246027496
WC711841,0.011442193089252227
WC711842,0.007342705844883911
WC711843,0.004284167507387114
WC711844,0.0037287728659287553
WC711845,0.007459718141260943
WC711846,0.004039152992733427
WC711847,0.003120443028873606
WC711848,0.007812069838159294
WC711849,0.0030565579319570615
WC711850,0.0024258156487147716
WC711851,0.00611089773120235
WC711852,0.005063051978735811
WC711853,0.004562101228833217
WC711854,0.0056455898980433215
WC711855,0.04730639971220456
WC711856,0.011759395912009042
WC711857,0.004405061169663911
WC711858,0.00735356032294503
WC711859,0.02544595695760493
WC711860,0.03465045767949591
WC711861,0.5987675062421475
WC711862,0.011774742831935893
WC711863,0.023323751020459634
WC711864,0.020821322309276
WC711865,0.05259406406862726
WC711866,0.0028489100964024564
WC711867,0.02603010618308573
WC711868,0.0032413279322506807
WC711869,0.010473481274378004
WC711870,0.0050974418876031345
WC711871,0.012293674498487036
WC711872,0.0033319849763300633
WC711873,0.004225291761932604
WC711874,0.016603121902809385
WC711875,0.004703918243558954
WC711876,0.012347651562638748
WC711877,0.006964619449615469
WC711878,0.009753934405333993
WC711879,0.0992410216095552
WC711880,0.0062515014227920345
WC711881,0.014611813412443681
WC711882,0.005387734779452633
WC711883,0.007554118300552327
WC711884,0.026459995333286326
WC711885,0.013020831311859373
WC711886,0.007160599045485937
WC711887,0.31409338785259244
WC711888,0.022812020234731986
WC711889,0.0029476553257634522
WC711890,0.010060191366524522
WC711891,0.02595761968335194
WC711892,0.005400444608895283
WC711893,0.0032655965326220298
WC711894,0.003246973367952635
WC711895,0.006409757948450416
WC711896,0.008512999769949344
WC711897,0.01130676465933422
WC711898,0.007157853012968594
WC711899,0.013567027102382832
WC711900,0.007448435560293793
WC711901,0.021061505650042483
WC711902,0.013615651568431761
WC711903,0.012189251779577482
WC711904,0.011556176981891465
WC711905,0.01891435122248793
WC711906,0.015282065183420247
WC711907,0.48459159020791376
WC711908,0.4345254956779635
WC711909,0.017789945999127282
WC711910,0.016202486782043418
WC711911,0.010080294175117906
WC711912,0.0012169460563477119
WC711913,0.007396529401805259
WC711914,0.037108246680090856
WC711915,0.013460136377121477
WC711916,0.003124539379647221
WC711917,0.01854110940668068
WC711918,0.012263260364839153
WC711919,0.008580974156214076
WC711920,0.014916702438967111
WC711921,0.01007117008734434
WC711922,0.056253432668233835
WC711923,0.011985544847199095
WC711924,0.027771158679050657
WC711925,0.023090644199983926
WC711926,0.006664982692648863
WC711927,0.010253133696943093
WC711928,0.00575983145929963
WC711929,0.009835022321807097
WC711930,0.029700858689707902
WC711931,0.003678819940944359
WC711932,0.004875832295131549
WC711933,0.0028019059200184576
WC711934,0.0035364586181410654
WC711935,0.45456691656635567
WC711936,0.013736479074063671
WC711937,0.008262162735414504
WC711938,0.008642076759410094
WC711939,0.020437599599620805
WC711940,0.004447589119219088
WC711941,0.045944944446072986
WC711942,0.02131662451581548
WC711943,0.022453922332370427
WC711944,0.023014074706806446
WC711945,0.03243102906043508
WC711946,0.3633053508678786
WC711947,0.007613493382870717
WC711948,0.01759849984249851
WC711949,0.014003193698103517
WC711950,0.07580599852736951
WC711951,0.006036422560024381
WC711952,0.008234292389699784
WC711953,0.006211542916051317
WC711954,0.006113110119181868
WC711955,0.045569847181401134
WC711956,0.009037365192284609
WC711957,0.00584627374152857
WC711958,0.02338478821740382
WC711959,0.00546653233427711
WC711960,0.028248541958432703
WC711961,0.009368219139777733
WC711962,0.010769149788848267
WC711963,0.05104420405998242
WC711964,0.06602233072643951
WC711965,0.01759499022198984
WC711966,0.02265515216593937
WC711967,0.013481008468762176
WC711968,0.021680606208965617
WC711969,0.005407527872367565
WC711970,0.010704012900345403
WC711971,0.010004447397528092
WC711972,0.006719149968667054
WC711973,0.009663574029739417
WC711974,0.014115499778495048
WC711975,0.002897512543139636
WC711976,0.02157665677123246
WC711977,0.016246515678124598
WC711978,0.004011863414900472
WC711979,0.007169254626042231
WC711980,0.006010146476639976
WC711981,0.005084996927367315
WC711982,0.023360532056323557
WC711983,0.04602515521441173
WC711984,0.3392298712983662
WC711985,0.009418150072764975
WC711986,0.008970681057158902
WC711987,0.006327383704163131
WC711988,0.03328294559327527
WC711989,0.01640333378306098
WC711990,0.008911720347781713
WC711991,0.04077397347122221
WC711992,0.009001109583036385
WC711993,0.01952512509750433
WC711994,0.0055226969790146095
WC711995,0.005980182343702237
WC711996,0.04064604232958983
WC711997,0.007211369333609335
WC711998,0.0033897332537029348
WC711999,0.007987452997994606
WC712000,0.08703095339701121
WC712001,0.007614945191377505
WC712002,0.005273432876658632
WC712003,0.005913082761121988
WC712004,0.02653470673342999
WC712005,0.004136897875173098
WC712006,0.004379442173134524
WC712007,0.006071378711628122
WC712008,0.02827095939105985
WC712009,0.012816445552073922
WC712010,0.04484871802793475
WC712011,0.02309303322221011
WC712012,0.3911887263153059
WC712013,0.011115000302722056
WC712014,0.00493022459316459
WC712015,0.05450071924914171
WC712016,0.014301409886735393
WC712017,0.01197767312785128
WC712018,0.002178559303115924
WC712019,0.006393923573579683
WC712020,0.01152087254992297
WC712021,0.024775560915821407
WC712022,0.008064267018412773
WC712023,0.007304842235358852
WC712024,0.017167481903789195
WC712025,0.018472608329858715
WC712026,0.004982237187362118
WC712027,0.1087462075135385
WC712028,0.00932554201588122
WC712029,0.005410895960183096
WC712030,0.0042038419736515715
WC712031,0.011641988131248312
WC712032,0.02754188675106592
WC712033,0.005117870312861321
WC712034,0.008528972630526988
WC712035,0.008160116980097207
WC712036,0.007294422683646318
WC712037,0.007263509080156522
WC712038,0.0066598061378472136
WC712039,0.10550826232178231
WC712040,0.009001185827277226
WC712041,0.018114134372136003
WC712042,0.007114177145113912
WC712043,0.013924292755158768
WC712044,0.025353479156737076
WC712045,0.014991060285651926
WC712046,0.0184355414162299
WC712047,0.015504425159154817
WC712048,0.04204360245766042
WC712049,0.00655269942168257
WC712050,0.022220367754805317
WC712051,0.03700571382239782
WC712052,0.007012651314932181
WC712053,0.00841446518315954
WC712054,0.0031882216194002357
WC712055,0.010733446409241544
WC712056,0.013546271151394982
WC712057,0.02192488851095181
WC712058,0.01367183590551893
WC712059,0.004930374575631569
WC712060,0.009852097957749412
WC712061,0.011843552885834451
WC712062,0.01892808691724333
WC712063,0.0030420764201801952
WC712064,0.008319590170581554
WC712065,0.016731274545947382
WC712066,0.0061645123314697575
WC712067,0.045575349956193785
WC712068,0.01032654976075488
WC712069,0.01769601523144358
WC712070,0.0036818293575902965
WC712071,0.020773476227997602
WC712072,0.009613967107973066
WC712073,0.06878555187549337
WC712074,0.012633963395041123
WC712075,0.019307418220573323
WC712076,0.08267218033899709
WC712077,0.040272532571011044
WC712078,0.006235076756417493
WC712079,0.012237905937129576
WC712080,0.057747751298422724
WC712081,0.01620969478919907
WC712082,0.03188665395238218
WC712083,0.023568271166205267
WC712084,0.030525464862746706
WC712085,0.005291675399055561
WC712086,0.038886596335959846
WC712087,0.007940645826169476
WC712088,0.011270878483629109
WC712089,0.016649321574827104
WC712090,0.0035598325115502633
WC712091,0.22703719267053232
WC712092,0.7971273096680584
WC712093,0.007252366039662721
WC712094,0.010675801998702798
WC712095,0.017033235503565218
WC712096,0.0035859984151604516
WC712097,0.030404289051296936
WC712098,0.01714952100538164
WC712099,0.01847957842628062
WC712100,0.007984628482677166
WC712101,0.00285771598111742
WC712102,0.0038982950992031934
WC712103,0.006140717520642286
WC712104,0.012050827992866409
WC712105,0.005884175842652689
WC712106,0.007573894679708954
WC712107,0.01442808494378426
WC712108,0.0053448882877510685
WC712109,0.015181021330487213
WC712110,0.11199988241170035
WC712111,0.011258463265230697
WC712112,0.0035161435298541053
WC712113,0.00916904944931462
WC712114,0.0029038269761297495
WC712115,0.01484644928589358
WC712116,0.010312589478220188
WC712117,0.03159629610690119
WC712118,0.0077995115134187635
WC712119,0.04481861581763848
WC712120,0.017126771801026033
WC712121,0.007859789746662828
WC712122,0.007173649780097984
WC712123,0.011590844305436523
WC712124,0.007723980315129928
WC712125,0.009689982608885093
WC712126,0.012391090733425775
WC712127,0.021269405972854413
WC712128,0.6911757612347398
WC712129,0.021890577731161355
WC712130,0.02072999749454632
WC712131,0.0042365425540856145
WC712132,0.012574555785018973
WC712133,0.01678380545751994
WC712134,0.00201627779476435
WC712135,0.008446072138536733
WC712136,0.007608937445185972
WC712137,0.007636058083302421
WC712138,0.12149233169119251
WC712139,0.01048637434893461
WC712140,0.005325574947137694
WC712141,0.037666562884268555
WC712142,0.0069835161051355525
WC712143,0.006570536124689283
WC712144,0.012874048132761476
WC712145,0.0057864097735211084
WC712146,0.029094818731955168
WC712147,0.004209971850994922
WC712148,0.01966150873789782
WC712149,0.010810265014585051
WC712150,0.006189576717664958
WC712151,0.007960558244953219
WC712152,0.03519229130334307
WC712153,0.006893850909186136
WC712154,0.007626957663703489
WC712155,0.015322641583203489
WC712156,0.054785613106605034
WC712157,0.010768360104353699
WC712158,0.0034987310786166056
WC712159,0.06578136026981667
WC712160,0.02647132854666736
WC712161,0.02108536588967916
WC712162,0.017093429972245715
WC712163,0.03659324214099658
WC712164,0.025876785668939032
WC712165,0.03657526334871571
WC712166,0.018966935935882046
WC712167,0.015544034449598192
WC712168,0.00867554631823809
WC712169,0.01334631703402651
WC712170,0.0032230653908746692
WC712171,0.011765433175304844
WC712172,0.05755166471312189
WC712173,0.025851597362047212
WC712174,0.05806373982177256
WC712175,0.10604224992722729
WC712176,0.018471586997258083
WC712177,0.023554460482793818
WC712178,0.04665843141911304
WC712179,0.054892391020952974
WC712180,0.5966437729540616
WC712181,0.0116190042447258
WC712182,0.006885018848093765
WC712183,0.03331224412445521
WC712184,0.034121754195413065
WC712185,0.03208628811961539
WC712186,0.3086003266681525
WC712187,0.0499725013816519
WC712188,0.038525394919688795
WC712189,0.020212547512256235
WC712190,0.006545780605290357
WC712191,0.013418658779794602
WC712192,0.003235136587320313
WC712193,0.014282219475121372
WC712194,0.004094310507468512
WC712195,0.00540897997047666
WC712196,0.00817662189657584
WC712197,0.005546985777293607
WC712198,0.009105346458168193
WC712199,0.005314236761072546
WC712200,0.00826987023712201
WC712201,0.006449604659764407
WC712202,0.010964285154655135
WC712203,0.003590672094700058
WC712204,0.040183904646464805
WC712205,0.0026680624507360662
WC712206,0.016773873638280774
WC712207,0.012884658060439765
WC712208,0.009646980156917511
WC712209,0.012374694554566443
WC712210,0.01708903589807399
WC712211,0.008896851045553624
WC712212,0.00830687840250479
WC712213,0.00982544911417471
WC712214,0.0033616593187288926
WC712215,0.017038196141030384
WC712216,0.006263318514993575
WC712217,0.0018053571930577088
WC712218,0.07015768270861485
WC712219,0.013768602079083855
WC712220,0.006447291202926071
WC712221,0.04600731201856972
WC712222,0.015277286755097062
WC712223,0.042421606274551084
WC712224,0.012134860727090104
WC712225,0.013642304063287125
WC712226,0.49121055588093265
WC712227,0.09717176998918645
WC712228,0.4389527682403468
WC712229,0.01853142535219721
WC712230,0.004100290491280316
WC712231,0.0053737544850531995
WC712232,0.09439231614889405
WC712233,0.009416306157888722
WC712234,0.044164163482962406
WC712235,0.009088678620464467
WC712236,0.009063074720559802
WC712237,0.003957108055904315
WC712238,0.005171224400164926
WC712239,0.010405348587817293
WC712240,0.0035831883252030426
WC712241,0.004048464975998859
WC712242,0.007235571220182148
WC712243,0.012451172502973677
WC712244,0.0036878592901632484
WC712245,0.007582147470954549
WC712246,0.018111840537867747
WC712247,0.012467075375834826
WC712248,0.014113578686268271
WC712249,0.00928567500378461
WC712250,0.05421421091641173
WC712251,0.006502310113928512
WC712252,0.5954106055512466
WC712253,0.010266574188619943
WC712254,0.10980193847661122
WC712255,0.020125157857420296
WC712256,0.012550907798302919
WC712257,0.01567718081456108
WC712258,0.007758651663474691
WC712259,0.009914559260348801
WC712260,0.0150341682545024
WC712261,0.36041086488542107
WC712262,0.021230448379235684
WC712263,0.010062580754540841
WC712264,0.004923013382980475
WC712265,0.013035187752615314
WC712266,0.016746987613367605
WC712267,0.00411974352632606
WC712268,0.017464480845876564
WC712269,0.014235145774197207
WC712270,0.0038582362322359793
WC712271,0.06601256906920991
WC712272,0.005004184651070991
WC712273,0.04879683056856877
WC712274,0.03044958365764313
WC712275,0.013529118842185325
WC712276,0.02087447294434459
WC712277,0.02915841067051704
WC712278,0.009057476129856063
WC712279,0.007208419496688745
WC712280,0.01782214321092228
WC712281,0.01908988729870227
WC712282,0.008538039319085788
WC712283,0.024026688402014603
WC712284,0.04835162057061278
WC712285,0.034721561615928376
WC712286,0.007478895975455258
WC712287,0.006995081345151631
WC712288,0.019501952721271754
WC712289,0.06406468181820897
WC712290,0.02058796439331533
WC712291,0.009833827541834901
WC712292,0.01090625397392097
WC712293,0.010981123193518344
WC712294,0.050834160309621707
WC712295,0.006954534986970821
WC712296,0.00886300267280844
WC712297,0.027271719406016682
WC712298,0.0040462725004605645
WC712299,0.01139048791500492
WC712300,0.01443490611113161
WC712301,0.05754327167869523
WC712302,0.009807315314485436
WC712303,0.020108436304170862
WC712304,0.021178572796740437
WC712305,0.013901889678355126
WC712306,0.00734115099952452
WC712307,0.007289778615204266
WC712308,0.04709424091535608
WC712309,0.03494734647694766
WC712310,0.019166863306699145
WC712311,0.009615352151634001
WC712312,0.06666759297578079
WC712313,0.012753321720617664
WC712314,0.02920052408070746
WC712315,0.006486956218411654
WC712316,0.006260393635294879
WC712317,0.005652159279936861
WC712318,0.08281841130259382
WC712319,0.019152323828396458
WC712320,0.0306799603813943
WC712321,0.005859442526590815
WC712322,0.011833394284224977
WC712323,0.010305876722772795
WC712324,0.012949345312755059
WC712325,0.0026774706155505623
WC712326,0.0025114869631946905
WC712327,0.026763334650873688
WC712328,0.027418893616085134
WC712329,0.368460502337153
WC712330,0.010839345396900707
WC712331,0.022957421962074277
WC712332,0.008600568608113538
WC712333,0.007870965374084993
WC712334,0.01448993381260776
WC712335,0.0063667151491712745
WC712336,0.00659270302876858
WC712337,0.00824279331514705
WC712338,0.012934315787038407
WC712339,0.00648175329099894
WC712340,0.01772321803233168
WC712341,0.010587603411225879
WC712342,0.014363673394180468
WC712343,0.04093569646160088
WC712344,0.0064169764449753175
WC712345,0.008008454194940893
WC712346,0.011800558797464344
WC712347,0.6174940995261161
WC712348,0.02656778812863419
WC712349,0.005099199925306297
WC712350,0.018878118696096062
WC712351,0.006261991576437509
WC712352,0.012553826236345498
WC712353,0.010961141887296341
WC712354,0.009290633181593712
WC712355,0.013684945785730207
WC712356,0.03776362155611013
WC712357,0.018085022815381133
WC712358,0.5574903436657476
WC712359,0.010486646857674958
WC712360,0.011857264974852885
WC712361,0.007960540198933705
WC712362,0.007776703789864275
WC712363,0.005746701125168798
WC712364,0.015682241077933
WC712365,0.03325698772292272
WC712366,0.049920765479275174
WC712367,0.01420243512547512
WC712368,0.008698023701266306
WC712369,0.03037819752303435
WC712370,0.016596336661474604
WC712371,0.01767797627817639
WC712372,0.013160924286208261
WC712373,0.012426064860852685
WC712374,0.017237265640363215
WC712375,0.02038539344748961
WC712376,0.007555248526338584
WC712377,0.0028169263197310363
WC712378,0.052699301040034785
WC712379,0.010839240353131394
WC712380,0.3597980735925718
WC712381,0.08493987026583462
WC712382,0.01675104947578931
WC712383,0.022649344402098908
WC712384,0.004097360245102908
WC712385,0.007246260660760304
WC712386,0.003942668732190712
WC712387,0.013961667772200852
WC712388,0.02143594223467406
WC712389,0.0031817935976955667
WC712390,0.016070690428421304
WC712391,0.038111813150180134
WC712392,0.006662506255337567
WC712393,0.0034648567899815412
WC712394,0.024524780228016928
WC712395,0.01322025721727175
WC712396,0.007072219563800377
WC712397,0.019787081822666704
WC712398,0.006453747739804337
WC712399,0.01113393432753464
WC712400,0.7840992336168703
WC712401,0.008203438032652222
WC712402,0.08732430661972074
WC712403,0.00907852755449255
WC712404,0.00910144507536001
WC712405,0.020207857874629764
WC712406,0.00698297441090845
WC712407,0.014028084273644322
WC712408,0.011758888249672623
WC712409,0.01035409804375758
WC712410,0.0044547912919479715
WC712411,0.006341118318246419
WC712412,0.01743689914758065
WC712413,0.01310640277833022
WC712414,0.042078010300221645
WC712415,0.031095688133353158
WC712416,0.004767364838578809
WC712417,0.009586845596482676
WC712418,0.016038171814691256
WC712419,0.014130053357583076
WC712420,0.01631305817605931
WC712421,0.01867036685188158
WC712422,0.01425119761332562
WC712423,0.02120854378473091
WC712424,0.016214355317621228
WC712425,0.09484991571626591
WC712426,0.04890950345125721
WC712427,0.010624145685409175
WC712428,0.013422458853717343
WC712429,0.017701720001763996
WC712430,0.023589251527695098
WC712431,0.005492014170949804
WC712432,0.005612049042937674
WC712433,0.03280088682500548
WC712434,0.024589405435419074
WC712435,0.17763321194269144
WC712436,0.020967563629039884
WC712437,0.009733606114088574
WC712438,0.014759551053869278
WC712439,0.03154784778188769
WC712440,0.007235868974138241
WC712441,0.011730463956015682
WC712442,0.016786932795199033
WC712443,0.008919314059798287
WC712444,0.005095979488224933
WC712445,0.017342444063589587
WC712446,0.011453770468741688
WC712447,0.009462022520601923
WC712448,0.01708337472861886
WC712449,0.01465201267171591
WC712450,0.0361419599793533
WC712451,0.026844388859577233
WC712452,0.046605690615165625
WC712453,0.07188560167926476
WC712454,0.03303419296459199
WC712455,0.0127444318845936
WC712456,0.01056767573362752
WC712457,0.006972361410468049
WC712458,0.0075953575155223415
WC712459,0.020879833831705476
WC712460,0.020878432687164234
WC712461,0.03136185527316537
WC712462,0.006799644873382637
WC712463,0.026609789980120317
WC712464,0.005474578446975111
WC712465,0.10846012369213395
WC712466,0.014750697489664044
WC712467,0.02327845383260924
WC712468,0.0028897895890412973
WC712469,0.008088598175993875
WC712470,0.009174582092382885
WC712471,0.007367640666988791
WC712472,0.010662410907010785
WC712473,0.016746553628090015
WC712474,0.03418082778699801
WC712475,0.03125393247294196
WC712476,0.01010597849428439
WC712477,0.44460055253059655
WC712478,0.2974086508129567
WC712479,0.011448305414537435
WC712480,0.02379371842149022
WC712481,0.00989703983351644
WC712482,0.0688305017151824
WC712483,0.011608189144103583
WC712484,0.014948583177335302
WC712485,0.006570857209601086
WC712486,0.03062977080985136
WC712487,0.008118588696048297
WC712488,0.0059746216554070804
WC712489,0.03929159865503527
WC712490,0.01051667816911964
WC712491,0.2378312785338691
WC712492,0.006971503867318476
WC712493,0.43497627052654697
WC712494,0.012064537547648687
WC712495,0.010491240429213265
WC712496,0.009601753930916527
WC712497,0.007359944817263483
WC712498,0.010248900117255027
WC712499,0.010053863992192514
WC712500,0.0053159173821179
WC712501,0.004082318832875618
WC712502,0.015302195853984242
WC712503,0.006176950105341467
WC712504,0.008304758930311625
WC712505,0.011314935894300673
WC712506,0.051052986718927655
WC712507,0.013479988492455571
WC712508,0.02239145808585969
WC712509,0.007832921422148578
WC712510,0.02234225058209133
WC712511,0.011642700891776318
WC712512,0.0037933926815368144
WC712513,0.00705315304642579
WC712514,0.006499904210856567
WC712515,0.005580656839086307
WC712516,0.01804933936841143
WC712517,0.005314664206287558
WC712518,0.0053215289223532795
WC712519,0.04758922884753381
WC712520,0.010336891218013934
WC712521,0.011781300871177593
WC712522,0.01088704961638059
WC712523,0.010197296381948032
WC712524,0.0035992901207951037
WC712525,0.004851680049347901
WC712526,0.04137982849950358
WC712527,0.008424335348442995
WC712528,0.00998642391483602
WC712529,0.014537565562761513
WC712530,0.019877628403990034
WC712531,0.006412773721004333
WC712532,0.005003117571687129
WC712533,0.004113016340057678
WC712534,0.01803633659176926
WC712535,0.01602643070088201
WC712536,0.008448275924770007
WC712537,0.006091478405535422
WC712538,0.03332268390254093
WC712539,0.010380235526605512
WC712540,0.03835184497637265
WC712541,0.003743730001176848
WC712542,0.01845050958676366
WC712543,0.00854940364688532
WC712544,0.01584353655642482
WC712545,0.03810215040511521
WC712546,0.07728015648517829
WC712547,0.006675582320660625
WC712548,0.00994688587939208
WC712549,0.01661805164825724
WC712550,0.012356847595221154
WC712551,0.013536680543774174
WC712552,0.010725066772345488
WC712553,0.005620664029814273
WC712554,0.014079345108029778
WC712555,0.005026367094760712
WC712556,0.05359166919393987
WC712557,0.00398761532419914
WC712558,0.005190657144076676
WC712559,0.02232363042546496
WC712560,0.0076733727511754755
WC712561,0.012458413383810802
WC712562,0.00973130983540715
WC712563,0.008803620648736311
WC712564,0.003701102347163838
WC712565,0.006771286970753374
WC712566,0.011414870213692472
WC712567,0.027397489272001495
WC712568,0.004316451008716356
WC712569,0.06729423134708902
WC712570,0.022534232234307287
WC712571,0.005581534324166293
WC712572,0.021168243371381346
WC712573,0.02763054677417409
WC712574,0.004578606876004313
WC712575,0.00978949007205346
WC712576,0.0026877832907796426
WC712577,0.025171571026149357
WC712578,0.10569288255977184
WC712579,0.00792467186783252
WC712580,0.019071533804761395
WC712581,0.009660160228367746
WC712582,0.00914734730814882
WC712583,0.0069052326831181765
WC712584,0.018758648119894653
WC712585,0.021389168990196546
WC712586,0.00936754143031928
WC712587,0.03313354029208674
WC712588,0.01295413968749688
WC712589,0.02084167120779684
WC712590,0.03075329933487907
WC712591,0.1269166257103375
WC712592,0.009186801112645603
WC712593,0.018775506107832365
WC712594,0.01027923544715767
WC712595,0.004824806514356303
WC712596,0.006721195989753899
WC712597,0.009079922880191096
WC712598,0.012473802515362082
WC712599,0.016793592631705354
WC712600,0.014722586690614001
WC712601,0.006861979854467979
WC712602,0.004111194550528291
WC712603,0.009315119493116945
WC712604,0.008189271614007353
WC712605,0.004013276234582754
WC712606,0.006835170957103958
WC712607,0.02077708621343448
WC712608,0.015555241482857753
WC712609,0.021606906632240627
WC712610,0.018526346850715737
WC712611,0.010389847448317353
WC712612,0.00552199083243163
WC712613,0.00981864969502084
WC712614,0.007911899972447478
WC712615,0.013847414182120894
WC712616,0.019596229026667574
WC712617,0.02061266369263998
WC712618,0.00627522067293195
WC712619,0.0062433644681430915
WC712620,0.005471901951038492
WC712621,0.009211752062192926
WC712622,0.025057265772759404
WC712623,0.007657425067653832
WC712624,0.027055743862610795
WC712625,0.002780826305373479
WC712626,0.015887974741692488
WC712627,0.0033976438012055044
WC712628,0.005418670517172145
WC712629,0.0046754700342268455
WC712630,0.017817505814049825
WC712631,0.012739513773963304
WC712632,0.005883714231486017
WC712633,0.005437619132167905
WC712634,0.011308368369908806
WC712635,0.006007281525834269
WC712636,0.006791703039190551
WC712637,0.004016918575113328
WC712638,0.007085598800915913
WC712639,0.016752887486008526
WC712640,0.43593504551456946
WC712641,0.004651523805141104
WC712642,0.6571558660325141
WC712643,0.00397021760799586
WC712644,0.15247913034264202
WC712645,0.01841902803387554
WC712646,0.014017700006799177
WC712647,0.009412088525154594
WC712648,0.020530066837251455
WC712649,0.017601627768095585
WC712650,0.005675828389837414
WC712651,0.004007546119085774
WC712652,0.009785070146090341
WC712653,0.0017343000228412467
WC712654,0.018082152375481823
WC712655,0.009885079645797006
WC712656,0.009972138839260312
WC712657,0.008995958292692847
WC712658,0.021566045648249373
WC712659,0.5987892645503387
WC712660,0.04104878482938752
WC712661,0.028770100767760123
WC712662,0.05677070198317531
WC712663,0.03844844370104446
WC712664,0.010395100534570923
WC712665,0.01192056757163172
WC712666,0.014542002379058755
WC712667,0.025507089378659458
WC712668,0.009673861972938225
WC712669,0.6107380905343436
WC712670,0.014762346364662147
WC712671,0.01104640398289424
WC712672,0.016843050545924765
WC712673,0.0038525023833348754
WC712674,0.012702899245887475
WC712675,0.010485757385599348
WC712676,0.048388741832921835
WC712677,0.011813820949965744
WC712678,0.002712216765184035
WC712679,0.010267707766622008
WC712680,0.0029523813650820393
WC712681,0.008648547338313651
WC712682,0.01364390055254559
WC712683,0.0028624195356241134
WC712684,0.007839443003115891
WC712685,0.005501282101979162
WC712686,0.00723346965302902
WC712687,0.008979123660753837
WC712688,0.008176577746933374
WC712689,0.0014922311237505332
WC712690,0.020816861542067213
WC712691,0.014939447543058699
WC712692,0.047807186341666925
WC712693,0.0044003539011673466
WC712694,0.0073129970276259275
WC712695,0.0025911175279821667
WC712696,0.005249752727490032
WC712697,0.023020559901182472
WC712698,0.012344049116395056
WC712699,0.0076660225229519385
WC712700,0.004932387752853601
WC712701,0.011040120732620598
WC712702,0.023572328778096455
WC712703,0.003680384563395471
WC712704,0.031483581740230575
WC712705,0.011087117939567112
WC712706,0.006440635851552441
WC712707,0.006917076586339671
WC712708,0.01075789181553876
WC712709,0.021244887021346824
WC712710,0.023783846562076293
WC712711,0.039670044643502676
WC712712,0.021945525717436874
WC712713,0.01257777689799866
WC712714,0.003136191344881054
WC712715,0.03178258408288325
WC712716,0.013446186478076914
WC712717,0.026735101760400014
WC712718,0.004822725831870955
WC712719,0.007699611587473192
WC712720,0.005780677734497521
WC712721,0.02932716801850649
WC712722,0.0026742482234873425
WC712723,0.0027710089594010154
WC712724,0.6596056174880123
WC712725,0.00975006420883194
WC712726,0.01039400060898734
WC712727,0.02877328199803129
WC712728,0.003340719498219988
WC712729,0.028748643373534704
WC712730,0.00801108300204666
WC712731,0.004024057148946259
WC712732,0.002182510996556324
WC712733,0.008645860441182145
WC712734,0.2375855543590451
WC712735,0.7118283063328179
WC712736,0.014734839521737106
WC712737,0.006314207190574645
WC712738,0.011289106589997985
WC712739,0.3367190348610181
WC712740,0.011014325002352495
WC712741,0.005270894263468085
WC712742,0.020643982640667354
WC712743,0.005844968522291378
WC712744,0.005581464661788966
WC712745,0.002688054146154899
WC712746,0.005748135697774935
WC712747,0.006058131534981185
WC712748,0.03423546132598043
WC712749,0.09895173234120025
WC712750,0.007170238083019045
WC712751,0.2743394968714327
WC712752,0.20861520882592405
WC712753,0.006731202542022842
WC712754,0.8152088949062644
WC712755,0.010284219346050855
WC712756,0.00489436975655522
WC712757,0.01209965503961774
WC712758,0.0072870155522745
WC712759,0.007123217240186827
WC712760,0.06688009231590662
WC712761,0.0073318763524709285
WC712762,0.014454661742419545
WC712763,0.004592071119547182
WC712764,0.015370277409738297
WC712765,0.00456667064419681
WC712766,0.008331545785507113
WC712767,0.012833114633012267
WC712768,0.04407024938710166
WC712769,0.006014250653428045
WC712770,0.019953860680079864
WC712771,0.008813332765823334
WC712772,0.005890092087293871
WC712773,0.01845014526270985
WC712774,0.016381827209440657
WC712775,0.010060912810224648
WC712776,0.0617995717092376
WC712777,0.06437593654444718
WC712778,0.005023717596203433
WC712779,0.01173398594276781
WC712780,0.7901925856300183
WC712781,0.006111123418966886
WC712782,0.008491474664457908
WC712783,0.009960504193414961
WC712784,0.006131521410166145
WC712785,0.013688119343156436
WC712786,0.8815405223091506
WC712787,0.03675663968318292
WC712788,0.06539640950499581
WC712789,0.016047028873744266
WC712790,0.022765557912522973
WC712791,0.021591370551272762
WC712792,0.012229168042258492
WC712793,0.012384405558487428
WC712794,0.004291093675491056
WC712795,0.011797472279961127
WC712796,0.015075377197351176
WC712797,0.012623044366742657
WC712798,0.0049805669335810055
WC712799,0.006572704415329478
WC712800,0.006097957822541006
WC712801,0.2449482136764677
WC712802,0.0061449528984926114
WC712803,0.009171238975493929
WC712804,0.01088072543186364
WC712805,0.015014177192611177
WC712806,0.19568547500672998
WC712807,0.012047623722917815
WC712808,0.009200943309288582
WC712809,0.004774699316922189
WC712810,0.1167847713600567
WC712811,0.007853360920534007
WC712812,0.5477871113841858
WC712813,0.22742905761328217
WC712814,0.03151963743312867
WC712815,0.006108328298008967
WC712816,0.00822916845871485
WC712817,0.018359901177379928
WC712818,0.07454062278999929
WC712819,0.04669585272874555
WC712820,0.014757354324656457
WC712821,0.009170957066363505
WC712822,0.010918429887212009
WC712823,0.021349777927902276
WC712824,0.02928948810193147
WC712825,0.008706207276179587
WC712826,0.012933437259883643
WC712827,0.012962522621436755
WC712828,0.021118466636924998
WC712829,0.00537089347386342
WC712830,0.005632794082790849
WC712831,0.01085025529566082
WC712832,0.84519029326674
WC712833,0.06054235302912029
WC712834,0.017224292685953886
WC712835,0.0427154929313829
WC712836,0.005209729633327932
WC712837,0.015562788740216578
WC712838,0.018810503206094464
WC712839,0.016986003889691268
WC712840,0.10822698218813509
WC712841,0.015336013642114253
WC712842,0.011145072825354044
WC712843,0.031617325050320354
WC712844,0.10698529696741202
WC712845,0.009580596862920168
WC712846,0.012904419910443988
WC712847,0.0042405880968868145
WC712848,0.002954043466163633
WC712849,0.008764849428727241
WC712850,0.02702028913185823
WC712851,0.0083996787059227
WC712852,0.006970521495428915
WC712853,0.009778631524019667
WC712854,0.00864724696553832
WC712855,0.034760666761403436
WC712856,0.00979088775610563
WC712857,0.003646773520606303
WC712858,0.01003023559860432
WC712859,0.0010376871485573073
WC712860,0.006350060277708769
WC712861,0.011444322540615037
WC712862,0.035819503832908654
WC712863,0.011326976799185793
WC712864,0.006409986990271988
WC712865,0.007812644126451327
WC712866,0.011152952781273661
WC712867,0.006733819508251459
WC712868,0.01758755977465752
WC712869,0.016793603764482308
WC712870,0.015048877353403932
WC712871,0.012022972507904938
WC712872,0.0031516338664157994
WC712873,0.014996212682850145
WC712874,0.01635373749146527
WC712875,0.011669625431425655
WC712876,0.01607026682322088
WC712877,0.013888250819374734
WC712878,0.003127695807128116
WC712879,0.013286430993057933
WC712880,0.008574334774730514
WC712881,0.004131280238826905
WC712882,0.010019389673459557
WC712883,0.009226638499912624
WC712884,0.005814014122836023
WC712885,0.06574970024256098
WC712886,0.05327197035366145
WC712887,0.008703312323301505
WC712888,0.00481083585887935
WC712889,0.009618947619624263
WC712890,0.006896572509242786
WC712891,0.013270621217964892
WC712892,0.09520041906025621
WC712893,0.0030296761993401783
WC712894,0.007599908611824846
WC712895,0.04691433588283194
WC712896,0.05971673977035049
WC712897,0.007332680803716757
WC712898,0.010453013964018801
WC712899,0.04184847282360002
WC712900,0.026833303308096995
WC712901,0.02185020072455262
WC712902,0.03173345523930488
WC712903,0.06817359557739555
WC712904,0.004999586671616794
WC712905,0.003963554384764058
WC712906,0.009503721470683766
WC712907,0.8697564265950778
WC712908,0.00917070464791249
WC712909,0.0018056090909677473
WC712910,0.022820026843925756
WC712911,0.005729110836903705
WC712912,0.009323312808182134
WC712913,0.007131810184517498
WC712914,0.007701987387773382
WC712915,0.0341320249214931
WC712916,0.013769944094326674
WC712917,0.007153884744844354
WC712918,0.30568592692255414
WC712919,0.042090293042705174
WC712920,0.09392500934463939
WC712921,0.43857513603439735
WC712922,0.0875287218035006
WC712923,0.007598245708011046
WC712924,0.009249106487743316
WC712925,0.007182310268045563
WC712926,0.06861232259799581
WC712927,0.06168118278106328
WC712928,0.020781015649639325
WC712929,0.012960609374360506
WC712930,0.016166619501647467
WC712931,0.0440270049195602
WC712932,0.0034153446603858526
WC712933,0.12527984078889332
WC712934,0.006549037044102125
WC712935,0.00804892834514493
WC712936,0.0069389628330700235
WC712937,0.0045083354006475685
WC712938,0.34017361956731335
WC712939,0.0033822702208556434
WC712940,0.005725971837373395
WC712941,0.006241630175455012
WC712942,0.009953399771274327
WC712943,0.15774511370459765
WC712944,0.008734355214043678
WC712945,0.007276644105249884
WC712946,0.014342675111189092
WC712947,0.010874046714056845
WC712948,0.009630389529135324
WC712949,0.013096952092290377
WC712950,0.021126602820437962
WC712951,0.060333718353353896
WC712952,0.00931046769619245
WC712953,0.010309849673271863
WC712954,0.0162355477929186
WC712955,0.06816945756421258
WC712956,0.027703932879261504
WC712957,0.02329493621654107
WC712958,0.01822615951762144
WC712959,0.009647461540884762
WC712960,0.016880183113104203
WC712961,0.0043326376316076935
WC712962,0.021991227464672018
WC712963,0.004469354597781569
WC712964,0.005255736808489238
WC712965,0.005493536528664599
WC712966,0.008657881905038387
WC712967,0.005739068608677577
WC712968,0.014234823499710024
WC712969,0.005100383703215441
WC712970,0.00972332593521711
WC712971,0.029513760219474886
WC712972,0.24203860550862497
WC712973,0.014669825896200478
WC712974,0.07897044536634475
WC712975,0.00900275211525366
WC712976,0.03070401199863682
WC712977,0.02251363323991489
WC712978,0.06727489752638638
WC712979,0.04498657144842207
WC712980,0.01006660749974275
WC712981,0.016538013137483067
WC712982,0.03468330500771747
WC712983,0.002744959318788504
WC712984,0.011332855191131464
WC712985,0.008373694582576518
WC712986,0.013042269194149326
WC712987,0.01604081272208086
WC712988,0.012629732235525831
WC712989,0.0041804404797881525
WC712990,0.10752496391773209
WC712991,0.010054241062661255
WC712992,0.0091188882658898
WC712993,0.008808200940430517
WC712994,0.00868572825098527
WC712995,0.01155471905318424
WC712996,0.002848144019071501
WC712997,0.00956461986540463
WC712998,0.004557625638313497
WC712999,0.020365352449808045
WC713000,0.011661483599484304
WC713001,0.014228799674399651
WC713002,0.021901387384231235
WC713003,0.016766881519510102
WC713004,0.01439120664755206
WC713005,0.017489018227658786
WC713006,0.0062374648050183825
WC713007,0.01328515572855754
WC713008,0.020951624118316078
WC713009,0.006908348123543498
WC713010,0.013122542199648934
WC713011,0.002898303555867725
WC713012,0.005010314014448607
WC713013,0.008429399390826087
WC713014,0.006123062731280858
WC713015,0.005243038037636499
WC713016,0.011581611581798927
WC713017,0.00537793167582247
WC713018,0.007683577151321814
WC713019,0.006273929722594459
WC713020,0.6126930480695922
WC713021,0.003488692053771659
WC713022,0.00919185356182353
WC713023,0.03086051144273335
WC713024,0.010360501501192151
WC713025,0.02477904662918991
WC713026,0.0032524228802801804
WC713027,0.11344377332523309
WC713028,0.022131112924555288
WC713029,0.852127283173103
WC713030,0.004267406038923358
WC713031,0.057953099244099616
WC713032,0.027517818783350242
WC713033,0.008053753960895443
WC713034,0.002934274747251975
WC713035,0.008660592339744044
WC713036,0.022789665667292937
WC713037,0.004950296880744207
WC713038,0.012563052754743792
WC713039,0.003275061806846287
WC713040,0.30904471306416664
WC713041,0.003290321518833402
WC713042,0.011177449185122295
WC713043,0.009671622513621182
WC713044,0.006250913555356056
WC713045,0.009360586803359647
WC713046,0.012648487313942379
WC713047,0.035219818377927765
WC713048,0.06928930203560314
WC713049,0.004426213115376931
WC713050,0.011834894533552746
WC713051,0.00669218117767518
WC713052,0.7729196519193573
WC713053,0.007142614700214458
WC713054,0.006336746509429709
WC713055,0.006899313443425989
WC713056,0.21114387372500124
WC713057,0.03227939111448312
WC713058,0.8035208484042742
WC713059,0.00805800440214317
WC713060,0.005451147345498682
WC713061,0.009685841650601674
WC713062,0.007819752413195963
WC713063,0.021203037613046184
WC713064,0.009197084212857079
WC713065,0.011657930546706906
WC713066,0.01149032054771758
WC713067,0.0036290208694078115
WC713068,0.0075740177904407005
WC713069,0.011984827965237869
WC713070,0.007262425488735758
WC713071,0.0979946340453459
WC713072,0.013599660757870778
WC713073,0.009192801591587012
WC713074,0.006802755772028606
WC713075,0.04698757228738177
WC713076,0.00258036750731956
WC713077,0.032279769479105595
WC713078,0.014239790941568338
WC713079,0.2650623606328591
WC713080,0.013794959170544114
WC713081,0.014297303000742145
WC713082,0.004553675930393674
WC713083,0.010060117654117021
WC713084,0.013660148957383418
WC713085,0.006201865065866967
WC713086,0.01793571037856305
WC713087,0.010247491135046746
WC713088,0.018703418654015796
WC713089,0.00827392375567529
WC713090,0.003293606750763262
WC713091,0.007819893418335562
WC713092,0.020575099506593954
WC713093,0.001605939411044717
WC713094,0.0048876935561212595
WC713095,0.0015259164750849325
WC713096,0.011720240072520512
WC713097,0.002915682790910384
WC713098,0.38351315673732084
WC713099,0.010420027696980177
WC713100,0.00175099330270318
WC713101,0.020411574148963593
WC713102,0.005029921807550763
WC713103,0.018372714271148338
WC713104,0.12827262174985127
WC713105,0.005318944225445975
WC713106,0.03666568134631928
WC713107,0.013767447703797678
WC713108,0.023054163006406957
WC713109,0.00503511222434314
WC713110,0.011827314098733823
WC713111,0.005571213923712001
WC713112,0.006883142915704927
WC713113,0.005873371767560994
WC713114,0.034306854898074716
WC713115,0.020127589889744807
WC713116,0.015630082844125755
WC713117,0.30971908961802336
WC713118,0.4648325653165428
WC713119,0.008236456956720017
WC713120,0.034922748575109644
WC713121,0.009619369374290906
WC713122,0.3107538016625924
WC713123,0.00833635132675496
WC713124,0.01913874797530726
WC713125,0.008612848432500674
WC713126,0.0017696284480194712
WC713127,0.026606644691482828
WC713128,0.007426462939041718
WC713129,0.007826846582389763
WC713130,0.06535250287437365
WC713131,0.0029283183357356824
WC713132,0.022979741044617277
WC713133,0.012340029094699513
WC713134,0.05793970471311179
WC713135,0.025453587352794852
WC713136,0.012737865486419595
WC713137,0.009695156422195896
WC713138,0.008371937496731909
WC713139,0.008030777592991636
WC713140,0.7633586352204177
WC713141,0.011019004769976679
WC713142,0.007939265650356339
WC713143,0.006469117402428017
WC713144,0.004013387461428108
WC713145,0.020377961442412718
WC713146,0.018831015431753705
WC713147,0.06252302239118318
WC713148,0.012483757307501427
WC713149,0.014649744965802172
WC713150,0.015184443475511187
WC713151,0.033073194899289
WC713152,0.017735041841103263
WC713153,0.004243043892994928
WC713154,0.00507072924181725
WC713155,0.05363222012819748
WC713156,0.0051319250269774306
WC713157,0.0823837599070394
WC713158,0.017107319055929673
WC713159,0.030036803158886866
WC713160,0.0522032812892093
WC713161,0.015497246470368892
WC713162,0.009140974775123009
WC713163,0.006110763504872737
WC713164,0.0024049611433074767
WC713165,0.0021686888477969886
WC713166,0.004748518832710597
WC713167,0.006659336842690445
WC713168,0.012388561117949459
WC713169,0.015080424126743337
WC713170,0.003482437939597774
WC713171,0.013047015813078116
WC713172,0.018772794688860357
WC713173,0.004016305280444022
WC713174,0.009091012040726083
WC713175,0.0240210742040947
WC713176,0.003887669116705732
WC713177,0.0036456319645013766
WC713178,0.0015441106725624135
WC713179,0.0029572329243460252
WC713180,0.04739573339052573
WC713181,0.016515925418684605
WC713182,0.015379469926247148
WC713183,0.01584290708836142
WC713184,0.006495993666645121
WC713185,0.004851901599454705
WC713186,0.013414891769991751
WC713187,0.0158598796674076
WC713188,0.005339254251297222
WC713189,0.024330859172084933
WC713190,0.004929344234055662
WC713191,0.4671369271923217
WC713192,0.00928609274892621
WC713193,0.04731082817161953
WC713194,0.014811343076126204
WC713195,0.0031388474014454855
WC713196,0.04501309572676254
WC713197,0.006896449877817733
WC713198,0.020884084508355313
WC713199,0.027134211336682743
WC713200,0.004706251539687667
WC713201,0.00438062539686246
WC713202,0.021578802614838445
WC713203,0.009349838380138167
WC713204,0.005560008758655323
WC713205,0.08011997530068272
WC713206,0.0035985321992023766
WC713207,0.006682308972261172
WC713208,0.006300704418756139
WC713209,0.00458231648294156
WC713210,0.006463158380226085
WC713211,0.005977272486395147
WC713212,0.030657460992568417
WC713213,0.09120979805789783
WC713214,0.013693861610730777
WC713215,0.0049474616028775485
WC713216,0.0031976057172036706
WC713217,0.006351946649497564
WC713218,0.01927046091794271
WC713219,0.06855474792896771
WC713220,0.0020486174294662442
WC713221,0.008525061099366649
WC713222,0.20823604108338511
WC713223,0.19141766684851125
WC713224,0.30292008004207815
WC713225,0.005347047945738058
WC713226,0.0075246007439889505
WC713227,0.0051970989844301275
WC713228,0.002634819412545679
WC713229,0.01682520594941723
WC713230,0.0013804482588313932
WC713231,0.029846389726723214
WC713232,0.004214263820218513
WC713233,0.00740989918649108
WC713234,0.006414506049736344
WC713235,0.00609263328347289
WC713236,0.007544757442709212
WC713237,0.014150988828939904
WC713238,0.029637090519851285
WC713239,0.010039397418235549
WC713240,0.013521216419554036
WC713241,0.013833900103046342
WC713242,0.007633728220989786
WC713243,0.029529762958355358
WC713244,0.005585790429668042
WC713245,0.008995766203529163
WC713246,0.005253120983728733
WC713247,0.004797813435682725
WC713248,0.005727312555335679
WC713249,0.012636559579616102
WC713250,0.07106400254251312
WC713251,0.009022729736474293
WC713252,0.023391546358273972
WC713253,0.002915227228005505
WC713254,0.007634024085880215
WC713255,0.02077531423941641
WC713256,0.002648249916844554
WC713257,0.008261268251171818
WC713258,0.01626525562186691
WC713259,0.003784996682243594
WC713260,0.04529850351693312
WC713261,0.02148768490482278
WC713262,0.07986502467067307
WC713263,0.004476979868383823
WC713264,0.002854721238128765
WC713265,0.003123706312414277
WC713266,0.007611421755256567
WC713267,0.07588578887112749
WC713268,0.0058006368359115115
WC713269,0.006237531062908631
WC713270,0.009180971249394532
WC713271,0.006878363781280661
WC713272,0.0046112819299001
WC713273,0.010617778253575762
WC713274,0.016040130753572832
WC713275,0.026042771398899812
WC713276,0.002404482076748116
WC713277,0.009262272499903232
WC713278,0.02450620793438957
WC713279,0.005378495904990955
WC713280,0.01135014676445584
WC713281,0.012077392779792704
WC713282,0.0072943198039769
WC713283,0.07666740456803785
WC713284,0.00808437530876695
WC713285,0.009834464410932837
WC713286,0.006497147228856509
WC713287,0.029365388975961713
WC713288,0.017190178273709084
WC713289,0.06404358182171864
WC713290,0.005773344646317836
WC713291,0.005989607580551172
WC713292,0.04602974775368202
WC713293,0.0034801568934537085
WC713294,0.0028812396830787852
WC713295,0.008325233639554582
WC713296,0.0019931904094095134
WC713297,0.008201687779619823
WC713298,0.020592847312219654
WC713299,0.010129068195980936
WC713300,0.1187353833951612
WC713301,0.008761061296694177
WC713302,0.007413077198810331
WC713303,0.006101709712187564
WC713304,0.03850337676708589
WC713305,0.03915003232673649
WC713306,0.02279445941535857
WC713307,0.014939863152208785
WC713308,0.009819725133988648
WC713309,0.006918387091425126
WC713310,0.00941660214151963
WC713311,0.006293849486552668
WC713312,0.003309902681239704
WC713313,0.006826052517295627
WC713314,0.04274430476800264
WC713315,0.041521892650977825
WC713316,0.01506297665893398
WC713317,0.005447995047357416
WC713318,0.026672042635824688
WC713319,0.0059946291995818975
WC713320,0.009438471774662604
WC713321,0.03482551394715083
WC713322,0.021029319927759336
WC713323,0.0027124809960773627
WC713324,0.0060199417538110995
WC713325,0.19186240796576523
WC713326,0.004067125543332751
WC713327,0.005337110350369673
WC713328,0.008327954242056713
WC713329,0.011044941255029608
WC713330,0.016443157399855086
WC713331,0.17199952469415117
WC713332,0.01277164243525989
WC713333,0.011095655698213134
WC713334,0.02098222928378966
WC713335,0.0028561578421476843
WC713336,0.01116444052477449
WC713337,0.0054391075336735085
WC713338,0.003475934172507037
WC713339,0.001455100234829243
WC713340,0.024473019720252533
WC713341,0.02400088937080268
WC713342,0.1371704161452999
WC713343,0.021966869517463194
WC713344,0.0031540452652002752
WC713345,0.02105041410020972
WC713346,0.01759184389570647
WC713347,0.01612592404184544
WC713348,0.011488761946515914
WC713349,0.010113093788588611
WC713350,0.017974620981811476
WC713351,0.024050962746841938
WC713352,0.011593563873949289
WC713353,0.003751012704577994
WC713354,0.004587609450271253
WC713355,0.01590676798625757
WC713356,0.0027599614206753865
WC713357,0.00541474756406094
WC713358,0.0025781585961195
WC713359,0.00760765310692504
WC713360,0.004417366187236591
WC713361,0.0132798940298761
WC713362,0.055199880894394024
WC713363,0.034373717287167066
WC713364,0.01614444957613404
WC713365,0.010411224138160908
WC713366,0.005717825687866366
WC713367,0.1975246568118398
WC713368,0.01577431310326271
WC713369,0.002836928643882264
WC713370,0.005215828560511736
WC713371,0.012392679710704515
WC713372,0.012695126716178447
WC713373,0.003946230024591077
WC713374,0.012573433165828794
WC713375,0.005200650957826661
WC713376,0.00835297601214486
WC713377,0.04228860633057868
WC713378,0.003998537644032544
WC713379,0.006948581507312658
WC713380,0.019640751791891963
WC713381,0.009098584845891867
WC713382,0.011135097198668372
WC713383,0.004076705298284249
WC713384,0.012801704086689654
WC713385,0.0019771821761624944
WC713386,0.00496780243903258
WC713387,0.012223519260840759
WC713388,0.0070583924177439914
WC713389,0.014902884626421784
WC713390,0.01048226010668351
WC713391,0.024884982819234763
WC713392,0.283237995822086
WC713393,0.010420684220065075
WC713394,0.007387053116086325
WC713395,0.008885295092512313
WC713396,0.00737782434335298
WC713397,0.051802757155287704
WC713398,0.004994031920012094
WC713399,0.010526839372407998
WC713400,0.025550657185282124
WC713401,0.008889999409775563
WC713402,0.004654683801278151
WC713403,0.10576694740084369
WC713404,0.0051372030565260025
WC713405,0.020055662878929535
WC713406,0.01002405642814255
WC713407,0.0032576759140101994
WC713408,0.001974783257813917
WC713409,0.005828065094899813
WC713410,0.0034560559792375777
WC713411,0.07896893872851012
WC713412,0.01030909677304891
WC713413,0.06389053169429505
WC713414,0.013871496537921699
WC713415,0.009285419347625033
WC713416,0.01620193843460372
WC713417,0.024769691627476744
WC713418,0.8404899967278555
WC713419,0.014056646742734696
WC713420,0.01084522647604904
WC713421,0.010772268504833033
WC713422,0.008800274036624714
WC713423,0.008441779692714558
WC713424,0.005513647115668415
WC713425,0.004435100276601243
WC713426,0.009014695511405876
WC713427,0.009608693902864758
WC713428,0.002386254605850671
WC713429,0.015520216699201336
WC713430,0.005952014655995866
WC713431,0.005301919138969002
WC713432,0.002480501732639752
WC713433,0.015086310882881444
WC713434,0.005653467202573738
WC713435,0.0033164865908956176
WC713436,0.003210702937306619
WC713437,0.006675662698149362
WC713438,0.019670340054700537
WC713439,0.8356103223299863
WC713440,0.11371089031005431
WC713441,0.002208306516041588
WC713442,0.019231174741752233
WC713443,0.010750815810931309
WC713444,0.02141309191852889
WC713445,0.033058122156673454
WC713446,0.01378816874507204
WC713447,0.011576978921276989
WC713448,0.0020291303955015266
WC713449,0.010168768989972482
WC713450,0.0064604797902454375
WC713451,0.004524419379682093
WC713452,0.059505617318436094
WC713453,0.010127867283494163
WC713454,0.03019088195119262
WC713455,0.572635794035414
WC713456,0.010767129687170472
WC713457,0.0075230877744816805
WC713458,0.025424356971139178
WC713459,0.010189483439202264
WC713460,0.005538680298768754
WC713461,0.006709009019510313
WC713462,0.004384819890233746
WC713463,0.002614532581829504
WC713464,0.010778056104904689
WC713465,0.013179129750752989
WC713466,0.009472393915338786
WC713467,0.0025467343692780146
WC713468,0.016038448714450492
WC713469,0.011856359297704113
WC713470,0.00405610231228453
WC713471,0.006617020022440611
WC713472,0.004475097691249116
WC713473,0.9304811925226582
WC713474,0.011147053887318093
WC713475,0.01167252232034139
WC713476,0.010773526228515677
WC713477,0.03243785614288197
WC713478,0.006234630231602837
WC713479,0.007577617617595644
WC713480,0.006857753900602899
WC713481,0.014130763935018853
WC713482,0.006986577425889593
WC713483,0.020411433115127952
WC713484,0.006647093144353896
WC713485,0.021414201525041306
WC713486,0.0041187055057105
WC713487,0.0026701250394243867
WC713488,0.019869312356165583
WC713489,0.003563391492095077
WC713490,0.009719496498379318
WC713491,0.005668533836401848
WC713492,0.09205264516070445
WC713493,0.01608725818891928
WC713494,0.006573720210026065
WC713495,0.012185972919633865
WC713496,0.022254240745271058
WC713497,0.3113585574377716
WC713498,0.011416630017221428
WC713499,0.008939063690373259
WC713500,0.014762728068434774
WC713501,0.003964979850722015
WC713502,0.005315699132649414
WC713503,0.009179547797533437
WC713504,0.021633674784222186
WC713505,0.012715522445602844
WC713506,0.021180120084011506
WC713507,0.04425506429324008
WC713508,0.2490147598019353
WC713509,0.00971877535504429
WC713510,0.0042281919229489534
WC713511,0.008333678500576905
WC713512,0.010591086535979852
WC713513,0.004704563678933025
WC713514,0.24121791061376543
WC713515,0.30844569945611067
WC713516,0.007475861881015157
WC713517,0.005429177997561274
WC713518,0.010486876798206476
WC713519,0.0028515100056243432
WC713520,0.013084376419500473
WC713521,0.004401928085434758
WC713522,0.007499972749410853
WC713523,0.06725973656721862
WC713524,0.011713771307377495
WC713525,0.009227582101378128
WC713526,0.008854496413726286
WC713527,0.007792340524200546
WC713528,0.18088975546095878
WC713529,0.013492841212490503
WC713530,0.007821533198973748
WC713531,0.010731889368141595
WC713532,0.007400084983393075
WC713533,0.011465630001887401
WC713534,0.7159490794227346
WC713535,0.004377029110261422
WC713536,0.0158416557119719
WC713537,0.008144706922748674
WC713538,0.007229800612974847
WC713539,0.0018948432049400792
WC713540,0.02547573601643729
WC713541,0.017744697694558227
WC713542,0.003406127913432421
WC713543,0.009954123152612558
WC713544,0.013650443260329586
WC713545,0.005355469775495389
WC713546,0.3440276315238362
WC713547,0.006063267626043821
WC713548,0.004218251498573887
WC713549,0.006379779110768917
WC713550,0.005888272646803861
WC713551,0.05206782679064608
WC713552,0.0024106105058081255
WC713553,0.02451158950332454
WC713554,0.01008350447632374
WC713555,0.008194726749729778
WC713556,0.026399765081329022
WC713557,0.002311886722316625
WC713558,0.008218381508709481
WC713559,0.007107484981430941
WC713560,0.0018747470380734304
WC713561,0.009199865034174033
WC713562,0.02138522596372383
WC713563,0.010707172001589525
WC713564,0.005904735280256364
WC713565,0.006141820167056587
WC713566,0.005225191540248849
WC713567,0.018055373564815153
WC713568,0.011760734549400284
WC713569,0.00831632179659033
WC713570,0.010647042391284237
WC713571,0.23764619997133055
WC713572,0.015055824494895157
WC713573,0.24389931140758464
WC713574,0.0017055148883352988
WC713575,0.005976792722868784
WC713576,0.0025973718637072925
WC713577,0.004564863140142896
WC713578,0.014434028099829731
WC713579,0.010680219232461699
WC713580,0.008551306370987478
WC713581,0.023322940637986216
WC713582,0.028734022407505878
WC713583,0.010663791955009891
WC713584,0.023131573801951563
WC713585,0.015588375158502286
WC713586,0.015294506998931898
WC713587,0.01870306145075495
WC713588,0.005819701537649139
WC713589,0.014344176284323919
WC713590,0.0042789684837374695
WC713591,0.010941950539046655
WC713592,0.006389856832647156
WC713593,0.005429980418534329
WC713594,0.011739501291729963
WC713595,0.018903156206036043
WC713596,0.005683323520726689
WC713597,0.007182595699685392
WC713598,0.006026266743136822
WC713599,0.0027983883393063874
